{
  "0x04068da6c83afcfa0e13ba15a6696662335d5b75": 0.9999999999999999,
  "0x049d68029688eabf473097a2fc38ef61633a3c7a": 0.9985666783124265,
  "0x10b620b2dbac4faa7d7ffd71da486f5d44cd86f9": 0.9813459543116084,
  "0x1e4f97b9f9f913c46f1632781732927b9019c68b": 0.9408021761116904
}
