{
  "pools": {
    "0xFf5713FdbAD797b81539b5F9766859d4E050a6CC": {
      "aprs": {
        "Average APR (rewards / pool TVL)": 92.798642353471,
        "SUSHI APR (rewards for SUSHI / SUSHI TVL)": 52.367925908524576,
        "WETH APR (rewards for WETH / WETH TVL)": 74.12689133589781
      },
      "decimalToken0": 18,
      "decimalToken1": 18,
      "liquidity": 490.6719642747023,
      "meanAPR": 92.798642353471,
      "pool": "0xFf5713FdbAD797b81539b5F9766859d4E050a6CC",
      "poolFee": 0.3,
      "rewardsPerToken": {},
      "token0": "0x0b3F868E0BE5597D5DB7fEB59E1CADBb0fdDa50a",
      "token0InPool": 4285.875501472752,
      "token1": "0x7ceB23fD6bC0adD59E62ac25578270cFf1b9f619",
      "token1InPool": 2.0668213358218335,
      "tokenSymbol0": "SUSHI",
      "tokenSymbol1": "WETH",
      "tvl": 7625.542191750643,
      "userBalances": [],
      "userTVL": 0,
      "userTotalBalance0": 0,
      "userTotalBalance1": 0,
      "distributionData": [
        {
          "amm": 1,
          "amount": 1,
          "breakdown": {},
          "end": 1685534400,
          "isOutOfRangeIncentivized": false,
          "propFees": 10,
          "propToken0": 45,
          "propToken1": 45,
          "start": 1684324800,
          "token": "0x7ceB23fD6bC0adD59E62ac25578270cFf1b9f619",
          "tokenSymbol": "WETH",
          "unclaimed": 0,
          "wrappers": []
        },
        {
          "amm": 1,
          "amount": 97,
          "breakdown": {},
          "end": 1685534400,
          "isOutOfRangeIncentivized": false,
          "propFees": 10,
          "propToken0": 45,
          "propToken1": 45,
          "start": 1684324800,
          "token": "0x0b3F868E0BE5597D5DB7fEB59E1CADBb0fdDa50a",
          "tokenSymbol": "SUSHI",
          "unclaimed": 0,
          "wrappers": []
        },
        {
          "amm": 1,
          "amount": 4.85,
          "breakdown": {},
          "end": 1684573200,
          "isOutOfRangeIncentivized": false,
          "propFees": 50,
          "propToken0": 25,
          "propToken1": 25,
          "start": 1684400400,
          "token": "0x0b3F868E0BE5597D5DB7fEB59E1CADBb0fdDa50a",
          "tokenSymbol": "SUSHI",
          "unclaimed": 0,
          "wrappers": []
        },
        {
          "amm": 1,
          "amount": 4.85,
          "breakdown": {},
          "end": 1684573200,
          "isOutOfRangeIncentivized": false,
          "propFees": 60,
          "propToken0": 10,
          "propToken1": 30,
          "start": 1684400400,
          "token": "0x0b3F868E0BE5597D5DB7fEB59E1CADBb0fdDa50a",
          "tokenSymbol": "SUSHI",
          "unclaimed": 0,
          "wrappers": []
        },
        {
          "amm": 1,
          "amount": 4.85,
          "breakdown": {},
          "end": 1684573200,
          "isOutOfRangeIncentivized": false,
          "propFees": 70,
          "propToken0": 5,
          "propToken1": 25,
          "start": 1684400400,
          "token": "0x0b3F868E0BE5597D5DB7fEB59E1CADBb0fdDa50a",
          "tokenSymbol": "SUSHI",
          "unclaimed": 0,
          "wrappers": []
        },
        {
          "amm": 1,
          "amount": 4.85,
          "breakdown": {},
          "end": 1684573200,
          "isOutOfRangeIncentivized": false,
          "propFees": 40,
          "propToken0": 40,
          "propToken1": 20,
          "start": 1684400400,
          "token": "0x0b3F868E0BE5597D5DB7fEB59E1CADBb0fdDa50a",
          "tokenSymbol": "SUSHI",
          "unclaimed": 0,
          "wrappers": []
        },
        {
          "amm": 1,
          "amount": 4.85,
          "breakdown": {},
          "end": 1684573200,
          "isOutOfRangeIncentivized": false,
          "propFees": 25,
          "propToken0": 25,
          "propToken1": 50,
          "start": 1684400400,
          "token": "0x0b3F868E0BE5597D5DB7fEB59E1CADBb0fdDa50a",
          "tokenSymbol": "SUSHI",
          "unclaimed": 0,
          "wrappers": []
        },
        {
          "amm": 1,
          "amount": 4.85,
          "breakdown": {},
          "end": 1684573200,
          "isOutOfRangeIncentivized": false,
          "propFees": 10,
          "propToken0": 20,
          "propToken1": 70,
          "start": 1684400400,
          "token": "0x0b3F868E0BE5597D5DB7fEB59E1CADBb0fdDa50a",
          "tokenSymbol": "SUSHI",
          "unclaimed": 0,
          "wrappers": []
        }
      ]
    }
  }
}
